molecule_chembl_id,canonical_smiles,standard_value
CHEMBL187579,Cc1noc(C)c1CN1C(=O)C(=O)c2cc(C#N)ccc21,7200
CHEMBL188487,O=C1C(=O)N(Cc2ccc(F)cc2Cl)c2ccc(I)cc21,9400
CHEMBL185698,O=C1C(=O)N(CC2COc3ccccc3O2)c2ccc(I)cc21,13500
CHEMBL426082,O=C1C(=O)N(Cc2cc3ccccc3s2)c2ccccc21,13110
CHEMBL187717,O=C1C(=O)N(Cc2cc3ccccc3s2)c2c1cccc2[N+](=O)[O-],2000
CHEMBL365134,O=C1C(=O)N(Cc2cc3ccccc3s2)c2c(Br)cccc21,980
CHEMBL187598,O=C1C(=O)N(Cc2cc3ccccc3s2)c2ccc(F)cc21,4820
CHEMBL190743,O=C1C(=O)N(Cc2cc3ccccc3s2)c2ccc(I)cc21,950
CHEMBL365469,O=C1C(=O)N(Cc2cc3ccccc3s2)c2cccc(Cl)c21,11200
CHEMBL188983,O=C1C(=O)N(C/C=C/c2cc3ccccc3s2)c2ccc(I)cc21,23500
CHEMBL191575,O=C(Nc1ccc(Cl)cc1)c1ccc(CN2C(=O)C(=O)c3cc(I)ccc32)s1,12570
CHEMBL370923,O=C1C(=O)N(Cc2ccc(C(=O)N3CCCCC3)s2)c2ccc(I)cc21,17500
CHEMBL194398,CCOC(=O)/C=C/[C@H](C[C@@H]1CCNC1=O)NC(=O)[C@@H](CC(=O)[C@@H](NC(=O)c1cc(C)on1)C(C)C)Cc1ccccc1,45000
CHEMBL196635,CCOC(=O)/C=C/[C@H](C[C@@H]1CCNC1=O)NC(=O)[C@H](CC=C(C)C)CC(=O)[C@@H](NC(=O)c1cc(C)on1)C(C)C,70000
CHEMBL209287,CCCCN1C(=O)C(=O)c2cc(I)ccc21,66000
CHEMBL358279,NC(=O)c1ccc2c(c1)C(=O)C(=O)N2Cc1ccc2ccccc2c1,370
CHEMBL348660,NC(=O)c1ccc2c(c1)C(=O)C(=O)N2Cc1ccccc1,12500
CHEMBL379727,CCCCN1C(=O)C(=O)c2cc(C(N)=O)ccc21,19000
CHEMBL210525,CCCN1C(=O)C(=O)c2cc(C(N)=O)ccc21,25000
CHEMBL148483,CN1C(=O)C(=O)c2cc(C(N)=O)ccc21,71000
CHEMBL383725,O=C1C(=O)N(Cc2ccc3ccccc3c2)c2ccc(I)cc21,1100
CHEMBL118596,O=C1C(=O)N(Cc2ccccc2)c2ccc(I)cc21,50000
CHEMBL208732,O=C(CSc1nccc(-c2csc(-c3ccccc3)n2)n1)Nc1cc(Cl)cc(Cl)c1,3.31131E+14
CHEMBL208732,O=C(CSc1nccc(-c2csc(-c3ccccc3)n2)n1)Nc1cc(Cl)cc(Cl)c1,3000
CHEMBL210146,COc1cccc(-c2nc(SCC(=O)Nc3ccc([N+](=O)[O-])cc3)nc(O)c2C#N)c1,3.31131E+12
CHEMBL210146,COc1cccc(-c2nc(SCC(=O)Nc3ccc([N+](=O)[O-])cc3)nc(O)c2C#N)c1,300000
CHEMBL207458,CCOC(=O)c1cnc(SCC(=O)Nc2ccc([N+](=O)[O-])cc2)nc1N,3.98107E+12
CHEMBL207458,CCOC(=O)c1cnc(SCC(=O)Nc2ccc([N+](=O)[O-])cc2)nc1N,250000
CHEMBL207484,COC(OC)c1cc(O)nc(SCC(=O)Nc2ccc(C(F)(F)F)cc2)n1,4.89779E+12
CHEMBL207484,COC(OC)c1cc(O)nc(SCC(=O)Nc2ccc(C(F)(F)F)cc2)n1,200000
CHEMBL207207,Cc1cc(O)nc(SCC(=O)Nc2cc(Cl)ccc2Oc2ccccc2)n1,1E+13
CHEMBL207207,Cc1cc(O)nc(SCC(=O)Nc2cc(Cl)ccc2Oc2ccccc2)n1,100000
CHEMBL210487,CCC(Sc1nc(O)c(C#N)c(-c2cccc(OC)c2)n1)C(=O)Nc1ccc(C(C)=O)cc1,1.65959E+13
CHEMBL210487,CCC(Sc1nc(O)c(C#N)c(-c2cccc(OC)c2)n1)C(=O)Nc1ccc(C(C)=O)cc1,60000
CHEMBL380470,COc1ccc(NC(=O)CSc2nc(O)cc(-c3ccccc3)n2)cc1OC,2.18776E+13
CHEMBL380470,COc1ccc(NC(=O)CSc2nc(O)cc(-c3ccccc3)n2)cc1OC,45000
CHEMBL210612,CC(C)c1ccc(NC(=O)CSc2nccc(-c3cccs3)n2)cc1,2.45471E+13
CHEMBL210612,CC(C)c1ccc(NC(=O)CSc2nccc(-c3cccs3)n2)cc1,40000
CHEMBL209667,O=C(CSc1nccc(-c2cc(-c3ccccc3Cl)no2)n1)Nc1ccc(Cl)cc1,6.60693E+13
CHEMBL209667,O=C(CSc1nccc(-c2cc(-c3ccccc3Cl)no2)n1)Nc1ccc(Cl)cc1,15000
CHEMBL210097,O=C(CSc1nccc(-c2cc(-c3ccc(Cl)cc3Cl)no2)n1)Nc1ccc(C(F)(F)F)cc1,6.60693E+13
CHEMBL210097,O=C(CSc1nccc(-c2cc(-c3ccc(Cl)cc3Cl)no2)n1)Nc1ccc(C(F)(F)F)cc1,15000
CHEMBL378674,CSc1sc(-c2nc(C)cs2)c(C)c1-c1ccnc(SCC(=O)Nc2ccccc2Cl)n1,8.31764E+13
CHEMBL378674,CSc1sc(-c2nc(C)cs2)c(C)c1-c1ccnc(SCC(=O)Nc2ccccc2Cl)n1,12000
CHEMBL210216,Cc1nc(SCC(=O)Nc2ccc([N+](=O)[O-])cc2)nc(O)c1C,1E+12
CHEMBL210216,Cc1nc(SCC(=O)Nc2ccc([N+](=O)[O-])cc2)nc(O)c1C,1000000
CHEMBL210195,Cc1cc(C(F)(F)F)nc(SCC(=O)Nc2ccc(Cl)cc2F)n1,1.99526E+12
CHEMBL210195,Cc1cc(C(F)(F)F)nc(SCC(=O)Nc2ccc(Cl)cc2F)n1,500000
CHEMBL210437,COc1ccc(-c2ccnc(SCC(=O)Nc3ccc(C(C)C)cc3)n2)cc1,2.45471E+12
CHEMBL210437,COc1ccc(-c2ccnc(SCC(=O)Nc3ccc(C(C)C)cc3)n2)cc1,400000
CHEMBL378677,CC(C)(C)c1ccc(NC(=O)CSc2nc(O)c(C#N)c(C3CCCCC3)n2)cc1,2.81838E+12
CHEMBL378677,CC(C)(C)c1ccc(NC(=O)CSc2nc(O)c(C#N)c(C3CCCCC3)n2)cc1,350000
CHEMBL210972,CC(Sc1nc(O)c(C#N)c(-c2ccccc2)n1)C(=O)Nc1ccc(Cl)cc1,3.31131E+12
CHEMBL210972,CC(Sc1nc(O)c(C#N)c(-c2ccccc2)n1)C(=O)Nc1ccc(Cl)cc1,300000
CHEMBL210145,CCOc1ccc(N2C(=O)CC(Sc3nc(C)cc(C)n3)C2=O)cc1,3.31131E+12
CHEMBL210145,CCOc1ccc(N2C(=O)CC(Sc3nc(C)cc(C)n3)C2=O)cc1,300000
CHEMBL377225,N#Cc1c(O)nc(SCC(=O)Nc2cccc(C(F)(F)F)c2)nc1-c1ccccc1,4.89779E+12
CHEMBL377225,N#Cc1c(O)nc(SCC(=O)Nc2cccc(C(F)(F)F)c2)nc1-c1ccccc1,200000
CHEMBL210823,CCCCc1ccc(NC(=O)CSc2nc(O)c(C#N)c(C3CCCCC3)n2)c(C)c1,4.89779E+12
CHEMBL210823,CCCCc1ccc(NC(=O)CSc2nc(O)c(C#N)c(C3CCCCC3)n2)c(C)c1,200000
CHEMBL207381,CC(C)c1ccc(NC(=O)CSc2nccc(-c3csc(COc4ccccc4Cl)n3)n2)cc1,4.89779E+12
CHEMBL207381,CC(C)c1ccc(NC(=O)CSc2nccc(-c3csc(COc4ccccc4Cl)n3)n2)cc1,200000
CHEMBL210511,Cc1cc(O)nc(SCC(=O)Nc2ccc(Oc3ccc(Cl)cc3)cc2)n1,4.89779E+12
CHEMBL210511,Cc1cc(O)nc(SCC(=O)Nc2ccc(Oc3ccc(Cl)cc3)cc2)n1,200000
CHEMBL210632,COc1cccc(-c2nc(SCC(=O)Nc3ccc(C(C)=O)cc3)nc(O)c2C#N)c1,1.65959E+13
CHEMBL210632,COc1cccc(-c2nc(SCC(=O)Nc3ccc(C(C)=O)cc3)nc(O)c2C#N)c1,60000
CHEMBL210497,COc1cccc(-c2nc(SCC(=O)Nc3ccc(S(N)(=O)=O)cc3)nc(O)c2C#N)c1,2.45471E+13
CHEMBL210497,COc1cccc(-c2nc(SCC(=O)Nc3ccc(S(N)(=O)=O)cc3)nc(O)c2C#N)c1,40000
CHEMBL208584,CCCc1cc(O)nc(SCC(=O)Nc2ccc(Cl)cc2)n1,3.31131E+13
CHEMBL208584,CCCc1cc(O)nc(SCC(=O)Nc2ccc(Cl)cc2)n1,30000
CHEMBL208763,O=C(CSc1nccc(-c2cc(-c3ccccc3)no2)n1)Nc1ccc(Cl)cc1,6.60693E+13
CHEMBL208763,O=C(CSc1nccc(-c2cc(-c3ccccc3)no2)n1)Nc1ccc(Cl)cc1,15000
CHEMBL209227,Cc1nc(-c2nc(-c3ccnc(SCC(=O)Nc4ccc(Cl)cc4)n3)cs2)cs1,7.07946E+13
CHEMBL209227,Cc1nc(-c2nc(-c3ccnc(SCC(=O)Nc4ccc(Cl)cc4)n3)cs2)cs1,14000
CHEMBL210092,CSc1sc(-c2nc(C)cs2)c(C)c1-c1ccnc(SCC(=O)Nc2ccc(Cl)cc2)n1,8.91251E+13
CHEMBL210092,CSc1sc(-c2nc(C)cs2)c(C)c1-c1ccnc(SCC(=O)Nc2ccc(Cl)cc2)n1,11000
CHEMBL377150,Cn1nc(-c2ccc(-c3ccnc(SCC(=O)Nc4ccc(Cl)cc4)n3)s2)cc1C(F)(F)F,1E+14
CHEMBL377150,Cn1nc(-c2ccc(-c3ccnc(SCC(=O)Nc4ccc(Cl)cc4)n3)s2)cc1C(F)(F)F,10000
CHEMBL212454,O=C(Oc1ccc(S(=O)(=O)c2ccc(OC(=O)C(Cl)=C(Cl)Cl)cc2)cc1)C(Cl)=C(Cl)Cl,900
CHEMBL213581,Nc1ncc(S(=O)(=O)c2ccc(Cl)cc2)c(N)n1,6000
CHEMBL380403,O=[N+]([O-])c1cc(C(F)(F)F)ccc1S(=O)(=O)c1ccc(Cl)cc1,12000
CHEMBL212504,Cc1nc(S(=O)(=O)c2ccccc2)c(C#N)c(C)c1[N+](=O)[O-],13000
CHEMBL211969,Cc1ccc(S(=O)(=O)c2nc(C)c([N+](=O)[O-])c(C)c2C#N)cc1,13000
CHEMBL384739,O=[N+]([O-])c1ccc(S(=O)(=O)c2ccc(Cl)cc2)[n+]([O-])c1,15000
CHEMBL215732,CCOC(=O)/C(C#N)=C/Nc1ccc(S(=O)(=O)c2ccc(/N=C/C(C#N)=C(\O)OCC)cc2)cc1,16000
CHEMBL212240,O=C(O)c1ccc(S(=O)(=O)c2cc(Br)c(O)c(Br)c2)cc1,16000
CHEMBL377253,CC(=O)c1ccccc1S(=O)(=O)c1ccccc1C(=O)O,16000
CHEMBL215397,O=[N+]([O-])c1ccc(S(=O)(=O)c2ccc([N+](=O)[O-])cc2)cc1,25000
CHEMBL378342,CCOC(=O)C(=CNc1ccc(S(=O)(=O)c2ccc(/N=C/C(C(=O)OCC)=C(\O)OCC)cc2)cc1)C(=O)OCC,32000
CHEMBL379642,O=C(Sc1nnc(C(F)(F)F)[nH]1)c1ccc(C#Cc2ccccc2)o1,3000
CHEMBL427404,Cc1noc(NC(=O)c2ccc(-c3cc(C(F)(F)F)nn3C)s2)c1[N+](=O)[O-],5000
CHEMBL212190,Cc1oc(C(C)(C)C)cc1-c1cc(NS(=O)(=O)c2cccs2)[nH]n1,10000
CHEMBL378700,CSc1[nH]nc(NC(=O)c2cccs2)c1S(=O)(=O)c1ccccc1,15000
CHEMBL212019,CC1(C)CC(=O)c2c(NCc3ccco3)sc(C#N)c2C1,16000
CHEMBL212399,CSc1nn(-c2c([N+](=O)[O-])c(C)nn2C)c(-c2cccs2)c1C#N,18000
CHEMBL215733,O=S(=O)(Cc1[nH]c(-c2ccc(Cl)s2)c[s+]1)c1cccs1.[Br-],18000
CHEMBL375130,Cc1nn(C)c(NCc2ccc(-c3cccs3)s2)c1[N+](=O)[O-],20000
CHEMBL214372,O=C(Cc1nccs1)c1nccs1,40000
CHEMBL212218,Cc1cc(S(=O)(=O)c2c([N+](=O)[O-])cc(C(F)(F)F)cc2[N+](=O)[O-])c(Cl)cc1Cl,300
CHEMBL222840,O=C(Oc1cncc(Cl)c1)c1ccco1,60
CHEMBL222769,O=C(Oc1cncc(Cl)c1)c1ccc(-c2ccc(Cl)cc2)o1,63
CHEMBL222735,COc1cccc(C(=O)Oc2cncc(Cl)c2)c1,340
CHEMBL222628,O=C(Oc1cncc(Cl)c1)c1cscn1,270
CHEMBL222893,O=C(Oc1cncc(Cl)c1)c1cc2ccccc2s1,95
CHEMBL225515,O=C(Oc1cncc(Cl)c1)c1cc2ccccc2[nH]1,65
CHEMBL222234,O=C(Oc1cncc(Br)c1)c1ccco1,50
CHEMBL426898,O=C(Oc1cncc(Cl)c1)c1cc2ccccc2o1,170
CHEMBL187266,Cc1coc2c1C(=O)C(=O)c1c-2ccc2c1CCCC2(C)C,89100
CHEMBL215254,Cc1coc2c1C(=O)C(=O)c1c-2ccc2c1CCCC2(C)CO,24800
CHEMBL2146517,COC(=O)[C@@]1(C)CCCc2c1ccc1c2C(=O)C(=O)c2c(C)coc2-1,21100
CHEMBL187460,C[C@H]1COC2=C1C(=O)C(=O)c1c2ccc2c1CCCC2(C)C,226700
CHEMBL363535,Cc1coc2c1C(=O)C(=O)c1c-2ccc2c(C)cccc12,38700
CHEMBL227075,Cc1cccc2c3c(ccc12)C1=C(C(=O)C3=O)[C@@H](C)CO1,14400
CHEMBL45830,CC(C)C1=Cc2ccc3c(c2C(=O)C1=O)CCCC3(C)C,21100
CHEMBL187266,Cc1coc2c1C(=O)C(=O)c1c-2ccc2c1CCCC2(C)C,1600
CHEMBL215254,Cc1coc2c1C(=O)C(=O)c1c-2ccc2c1CCCC2(C)CO,10700
CHEMBL2146517,COC(=O)[C@@]1(C)CCCc2c1ccc1c2C(=O)C(=O)c2c(C)coc2-1,9200
CHEMBL187460,C[C@H]1COC2=C1C(=O)C(=O)c1c2ccc2c1CCCC2(C)C,800
CHEMBL363535,Cc1coc2c1C(=O)C(=O)c1c-2ccc2c(C)cccc12,8800
CHEMBL227075,Cc1cccc2c3c(ccc12)C1=C(C(=O)C3=O)[C@@H](C)CO1,4900
CHEMBL45830,CC(C)C1=Cc2ccc3c(c2C(=O)C1=O)CCCC3(C)C,30000
CHEMBL215254,Cc1coc2c1C(=O)C(=O)c1c-2ccc2c1CCCC2(C)CO,52000
CHEMBL187460,C[C@H]1COC2=C1C(=O)C(=O)c1c2ccc2c1CCCC2(C)C,87600
CHEMBL363535,Cc1coc2c1C(=O)C(=O)c1c-2ccc2c(C)cccc12,700
CHEMBL227075,Cc1cccc2c3c(ccc12)C1=C(C(=O)C3=O)[C@@H](C)CO1,1200
CHEMBL45830,CC(C)C1=Cc2ccc3c(c2C(=O)C1=O)CCCC3(C)C,60200
CHEMBL187266,Cc1coc2c1C(=O)C(=O)c1c-2ccc2c1CCCC2(C)C,17100
CHEMBL215254,Cc1coc2c1C(=O)C(=O)c1c-2ccc2c1CCCC2(C)CO,18000
CHEMBL2146517,COC(=O)[C@@]1(C)CCCc2c1ccc1c2C(=O)C(=O)c2c(C)coc2-1,10600
CHEMBL187460,C[C@H]1COC2=C1C(=O)C(=O)c1c2ccc2c1CCCC2(C)C,10100
CHEMBL363535,Cc1coc2c1C(=O)C(=O)c1c-2ccc2c(C)cccc12,11500
CHEMBL227075,Cc1cccc2c3c(ccc12)C1=C(C(=O)C3=O)[C@@H](C)CO1,10700
CHEMBL45830,CC(C)C1=Cc2ccc3c(c2C(=O)C1=O)CCCC3(C)C,78900
